id,name,age,gender,salary
1,Ali,25.0,male,40000
2,Sara,350.6666666666667,female,50000
3,Bilal,28.0,male,48000
4,Sara,350.6666666666667,female,50000
